Non-Spoiler,"The visuals in this movie are straight-up insane. James Cameron did it again!"
Spoiler,"I was not emotionally prepared for Neteyam's death. My heart is broken."
Non-Spoiler,"The way they animated the water is next level. It looks so real!"
Spoiler,"Quaritch coming back as an Avatar is the ultimate 'I'm back' moment. Wild."
Non-Spoiler,"The Tulkun are so majestic. I want one as a pet."
Spoiler,"Can we talk about Spider saving Quaritch at the end? My guy has major identity issues."
Non-Spoiler,"The Metkayina clan's design is beautiful. Love the different look for the reef Na'vi."
Spoiler,"Kiri connecting with Eywa and controlling the sea life was a total power move."
Non-Spoiler,"This movie is basically a 3-hour ad for scuba diving on Pandora."
Spoiler,"Payakan the Tulkun being an outcast who then saves the day is the best character arc."
Non-Spoiler,"The family dynamic with Jake and his kids is so relatable, even if they're giant blue aliens."
Spoiler,"Lo'ak getting the blame for everything but then being the one to save them was peak middle child energy."
Non-Spoiler,"The underwater scenes are just breathtaking. I could watch them for hours."
Spoiler,"The moment the RDA burns down the forest village... I felt that. Pure rage."
Non-Spoiler,"I can't believe how much they made me care about a space whale. Payakan is the GOAT."
Spoiler,"The final battle on the ship is an absolute masterpiece of action filmmaking."
Non-Spoiler,"Kiri's connection to Grace is so mysterious. Can't wait to see where that goes."
Spoiler,"The way Neytiri went full beast mode after Neteyam died was both terrifying and awesome."
Non-Spoiler,"This movie really makes you want to protect the oceans."
Spoiler,"Jake learning to be a father instead of a soldier is a great character journey."
Non-Spoiler,"The sound design when they're underwater is so immersive."
Spoiler,"The idea of 'recoms' is a crazy way to bring back old villains."
Non-Spoiler,"The kids' storyline is the heart of this movie, no cap."
Spoiler,"Spider's choice at the end creates so much drama for the next movie. What is he thinking?!"
Non-Spoiler,"The visual storytelling is top-tier. You could watch this on mute and still get it."
Spoiler,"The Tulkun hunt scene was genuinely hard to watch. So brutal."
Non-Spoiler,"All the new sea creatures were so creative and beautiful."
Spoiler,"Neteyam's death was the saddest moment in the whole franchise. I wasn't ready."
Non-Spoiler,"The way the Metkayina move and swim is so different from the Omatikaya. Great world-building."
Spoiler,"Quaritch's Recom literally has his human skull crushed in his hand at one point. That's metal."
Non-Spoiler,"The tension between Jake and Neytiri over how to protect their kids felt so real."
Spoiler,"The underwater sign language is such a cool detail."
Non-Spoiler,"Kiri having a seizure after connecting to the Spirit Tree was so unexpected."
Spoiler,"The cultural clash between the forest Na'vi and the reef Na'vi was super interesting."
Spoiler,"Jake Sully giving up his role as war chief to protect his family was a massive turning point."
Non-Spoiler,"The whole movie is a vibe. Just pure escapism."
Spoiler,"The fact that Kiri is basically Pandora Jesus is a theory I'm 100% behind."
Non-Spoiler,"The bond between Lo'ak and Payakan was the best part of the movie for me."
Spoiler,"The final shot of Jake and his family with the Metkayina feels like a new beginning."
Non-Spoiler,"I need more of Ronal. She was fierce."
Spoiler,"Lo'ak being the 'outcast' son who finds his place with another outcast (Payakan) is *chef's kiss*."
Non-Spoiler,"The kids getting captured was so stressful to watch."
Spoiler,"The sinking ship sequence was like Titanic on steroids."
Non-Spoiler,"Does anyone else feel like the science behind the recoms is a bit sketchy? lol"
Spoiler,"Neytiri threatening to kill Spider was the most intense scene. You could feel her pain and rage."
Non-Spoiler,"The underwater chase scenes were incredible."
Spoiler,"The way the parents' grief was portrayed after Neteyam's death was so powerful and raw."
Non-Spoiler,"Tonowari is such a cool and wise leader."
Spoiler,"Kiri being able to breathe underwater indefinitely is a huge deal they just kinda glossed over!"
Non-Spoiler,"The design of the new RDA ships and tech was pretty slick."
Spoiler,"When the Tulkun join the final battle, I was literally cheering in the theater."
Non-Spoiler,"Jake really went from 'oorah' to 'I see you' and now he's a full-on dad."
Spoiler,"The moment Jake realizes running was a mistake and they have to fight back. CHILLS."
Non-Spoiler,"The bioluminescence in the water was stunning."
Spoiler,"So Quaritch now knows what it's like to be Na'vi. That's gonna complicate things."
Non-Spoiler,"I feel so bad for Spider, caught between two worlds."
Spoiler,"Neytiri still hates Spider even after he helps them. That's cold."
Non-Spoiler,"The training montage of the Sully kids learning the way of water was awesome."
Spoiler,"The final fight between Jake and Quaritch felt so personal this time."
Non-Spoiler,"Are we just gonna ignore the fact that Kiri might be a virgin birth conceived by Eywa???"
Spoiler,"The movie is long but it earns its runtime. Every scene feels important."
Non-Spoiler,"The way the Metkayina accept the Sullys in the end... 'This is your home now.'"
Non-Spoiler,"The crab mechs were so cool. I want one."
Spoiler,"The whole 'amrita' subplot with the Tulkun brain fluid is so dark."
Non-Spoiler,"The beauty of the reef is a perfect contrast to the destruction of the RDA."
Spoiler,"The moment Jake's son dies in his arms is a memory that will be seared into my brain forever."
Non-Spoiler,"I wonder if the other sea clans will join the fight in the next movie."
Spoiler,"The fact that Spider knows all their secrets is a huge liability. Jake should be worried."
Non-Spoiler,"The underwater spirit tree was a beautiful new addition to the world."
Spoiler,"The 'songcord' tradition is such a beautiful way to track a life story."
Non-Spoiler,"Lo'ak constantly trying to prove himself to his dad is classic teen drama."
Spoiler,"I can't believe they left us on that cliffhanger with Quaritch. He's definitely coming back."
Non-Spoiler,"The movie makes a strong case for becoming a marine biologist on an alien planet."
Spoiler,"Kiri's powers are going to be a major factor in the future of Pandora."
Non-Spoiler,"The bond with the skimwing creatures was so cool to see."
Spoiler,"Seeing the original Tree of Souls destroyed was heartbreaking."
Non-Spoiler,"This is a movie you see for the spectacle, and it delivers 100%."
Spoiler,"Quaritch's transformation from human to Na'vi gives him a dangerous new perspective."
Non-Spoiler,"The funeral scene for Neteyam was beautifully done and so emotional."
Spoiler,"The final battle is basically a family-on-family showdown. So intense."
Non-Spoiler,"The whole movie is a metaphor for climate change and colonialism, and I'm here for it."
Spoiler,"They really made you think Jake was going to die in that sinking ship."
Non-Spoiler,"The new characters from the Metkayina clan were great additions."
Spoiler,"Lo'ak's decision to go back and save Spider sets up so much conflict."
Non-Spoiler,"Visually, this is one of the most stunning films ever made."
Spoiler,"The way Kiri connects with the spirit of her mother through Eywa is so touching."
Non-Spoiler,"It's not just a movie, it's an experience."
Spoiler,"The fact that the RDA is back to colonize, not just mine, raises the stakes so much."
Non-Spoiler,"The underwater world felt so real and lived-in."
Spoiler,"Payakan's backstory was so tragic. No wonder he's an outcast."
Non-Spoiler,"The kids really carried this movie."
Spoiler,"The final act had me on the edge of my seat for a solid hour."
Non-Spoiler,"I love how the different Na'vi clans have different physiologies adapted to their environment."
Spoiler,"The scene where Lo'ak bonds with Payakan is the emotional core of the film."
Non-Spoiler,"The flying fish creatures (Skimwings) were my favorite new animal."
Spoiler,"Kiri is the key to everything, calling it now."
Non-Spoiler,"The themes of family and home are so strong in this one."
Spoiler,"The end fight was a direct parallel to the first movie, but with even higher stakes."