Spoiler,"When Arthur's transformation into Joker finally kicks in, it's wild"
Spoiler,"That scene when Arthur laughs uncontrollably for the 1st time is insane"
Spoiler,"The brutal reveal of Arthur's troubled past hit me hard"
Spoiler,"When his isolation and abuse got too much, it sparked a total meltdown"
Spoiler,"The moment he loses his grip on reality is next lvl"
Spoiler,"When society rejects him, his rage just explodes"
Spoiler,"That subway confrontation where he snaps is straight-up brutal"
Spoiler,"When Arthur’s clown makeup starts symbolizin his madness, it's raw"
Spoiler,"The twist about his mom's lie is savage"
Spoiler,"When he kills those guys in the bar, it's a total gut punch"
Spoiler,"The scene where his mental state crumbles is shockin'"
Spoiler,"When Arthur gets fired and humiliated, it triggers his downfall"
Spoiler,"That moment when he fully embraces his Joker persona is dope"
Spoiler,"When the therapy session turns into a total breakdown, it's mad intense"
Spoiler,"The violent outburst at the comedy club is raw and unfiltered"
Spoiler,"When he's mocked by society, his revenge is brutal"
Spoiler,"That twist where his sanity unravels is next lvl"
Spoiler,"When he makes his 1st public appearance as Joker, it's eerie"
Spoiler,"The scene where he paints his face with bloody precision is insane"
Spoiler,"When his altercation with the rich dudes goes off the rails, it's savage"
Spoiler,"The moment he flips the script on everyone is epic"
Spoiler,"When Arthur finally lets go of his old self, it's a major shock"
Spoiler,"That scene in the bathroom where he sees his reflection is a game changer"
Spoiler,"When the violence in the streets kicks off, it all ties back to him"
Spoiler,"The twist in his origin story leaves you reelin'"
Spoiler,"When the system fails him, his transformation is raw"
Spoiler,"That scene where he confronts his inner demons is brutal"
Spoiler,"When his laughter turns maniacal, it's a total mind flip"
Spoiler,"The brutal confrontation with his boss is next lvl"
Spoiler,"When his vulnerability morphs into rage, it's intense"
Spoiler,"That moment when he takes his 1st step as Joker is savage"
Spoiler,"When the city erupts in violence, it all comes back to him"
Spoiler,"The twist revealin his past abuse is heart-wrenchin'"
Spoiler,"When his madness overtakes him, it's a full descent"
Spoiler,"That mirror scene where he sees Joker is unreal"
Spoiler,"When the final straw breaks him, his transformation is epic"
Spoiler,"The brutal act of defiance in the alley is a total shock"
Spoiler,"When he confronts those who bullied him, it's raw"
Spoiler,"That moment when he lets go of Arthur is a major flex"
Spoiler,"When his inner turmoil explodes on stage, it's dope"
Spoiler,"The scene where he rejects society's norms is next lvl"
Spoiler,"When his anger fuels his actions, it gets unhinged"
Spoiler,"That twist with his mental breakdown is savage"
Spoiler,"When violence becomes his language, it's brutal"
Spoiler,"The moment he fully adopts the Joker persona is wild"
Spoiler,"When the world laughs at him, his revenge is epic"
Spoiler,"That scene where his sanity completely slips is raw"
Spoiler,"When his despair turns into violent action, it's intense"
Spoiler,"The twist revealin his tragic past is a major gut punch"
Spoiler,"When his isolation reaches a boiling point, it's next lvl"
Spoiler,"That moment when he shatters his old self is dope"
Spoiler,"When his rage is unleashed in public, it hits hard"
Spoiler,"The scene where his transformation is complete is savage"
Spoiler,"When society's cruelty finally snaps him, it's wild"
Spoiler,"That twist with the unexpected violent outburst is epic"
Spoiler,"When his anger boils over during a talk show, it's raw"
Spoiler,"The moment he burns bridges with his past is next lvl"
Spoiler,"When his mental collapse turns violent, it's a total shock"
Spoiler,"That scene where he gets rejected one last time is brutal"
Spoiler,"When the system's failure triggers his full descent, it's dope"
Spoiler,"The twist in his behavior during a protest is savage"
Spoiler,"When he starts laughing uncontrollably in chaos, it's intense"
Spoiler,"That moment when his true Joker emerges is epic"
Spoiler,"When the city's corruption fuels his rage, it hits diff"
Spoiler,"The brutal scene where he exacts revenge is next lvl"
Spoiler,"When his heartbreak turns to violent retribution, it's raw"
Spoiler,"That twist in his character during a confrontation is wild"
Spoiler,"When the media mocks him, his fury's unleashed"
Spoiler,"The scene where he abandons hope is a total gut punch"
Spoiler,"When his pain is laid bare in violence, it's savage"
Spoiler,"That moment when he shatters normalcy is dope"
Spoiler,"When his madness takes over in a public outburst, it's intense"
Spoiler,"The twist where his vulnerability fuels terror is epic"
Spoiler,"When the society that ignored him finally reacts, it's raw"
Spoiler,"That scene where his descent into chaos is complete is wild"
Spoiler,"When his inner demons come out on stage, it's next lvl"
Spoiler,"The moment he defies authority with pure rage is brutal"
Spoiler,"When his breakdown turns into a violent spectacle, it's dope"
Spoiler,"That twist where his mental scars drive his actions is savage"
Spoiler,"When he lashes out at those who hurt him, it hits hard"
Spoiler,"The scene where his transformation is fully revealed is intense"
Spoiler,"When his clown persona replaces Arthur entirely, it's raw"
Spoiler,"That moment when he declares himself Joker is a major flex"
Spoiler,"When his dark humor turns sinister, it's next lvl"
Spoiler,"The twist with his violent retribution is epic"
Spoiler,"When he rebels against the norm, it’s a total shock"
Spoiler,"That scene where his past and present collide is savage"
Spoiler,"When his internal chaos explodes on screen, it's dope"
Spoiler,"The moment he leaves his old life behind is brutal"
Spoiler,"When his transformation is marked by blood and laughter, it's wild"
Spoiler,"That twist where his pain fuels his actions is intense"
Spoiler,"When he fully embraces being Joker, it’s a complete flip"
Spoiler,"The scene where his inner rage is on full display is next lvl"
Spoiler,"When his breakdown leads to citywide chaos, it's raw"
Spoiler,"That moment when his violent side takes over is epic"
Spoiler,"When the world falls apart around him, his madness shines"
Spoiler,"The twist where his identity is lost in chaos is savage"
Spoiler,"When his internal struggle erupts into violence, it hits hard"
Spoiler,"That scene where Arthur is no more and Joker takes over is dope"
Spoiler,"When his full descent into madness is complete, it's next lvl"
Non-Spoiler,"Loving the raw, gritty vibe of Joker"
Non-Spoiler,"The movie's mood is dark n intense"
Non-Spoiler,"Really into the chaotic energy throughout"
Non-Spoiler,"The style here is raw n unfiltered"
Non-Spoiler,"Loving the deep dive into mental struggles"
Non-Spoiler,"The vibe is edgy n totally immersive"
Non-Spoiler,"Really enjoying the honest storytelling, no spoil"
Non-Spoiler,"The film nails a dark, twisted tone"
Non-Spoiler,"Loving the unspoiled look at society's flaws"
Non-Spoiler,"The overall energy is intense n real"
Non-Spoiler,"Really into the gritty, honest vibe of it"
Non-Spoiler,"The movie's style is raw n compelling"
Non-Spoiler,"Loving the deep, unfiltered narrative"
Non-Spoiler,"The tone here is edgy n captivating"
Non-Spoiler,"Really enjoying the raw take on isolation"
Non-Spoiler,"The vibe is dark n thought-provokin"
Non-Spoiler,"Loving the film's unspoiled, raw energy"
Non-Spoiler,"The storytelling is gritty n real"
Non-Spoiler,"Really into the chaotic, dark mood"
Non-Spoiler,"The overall style is raw, edgy n immersive"
Non-Spoiler,"Loving the intense, unspoiled vibe"
Non-Spoiler,"The movie's tone is dark, raw, n real"
Non-Spoiler,"Really enjoying the deep, raw narrative"
Non-Spoiler,"The vibe here is edgy and unfiltered"
Non-Spoiler,"Loving the authentic, dark storytelling"
Non-Spoiler,"The film nails that raw, intense mood"
Non-Spoiler,"Really into the uncompromisin, dark style"
Non-Spoiler,"The overall tone is gritty and immersive"
Non-Spoiler,"Loving the real, raw energy of the film"
Non-Spoiler,"The vibe is intense, dark, and unspoiled"
Non-Spoiler,"Really enjoying the honest, edgy narrative"
Non-Spoiler,"The film's style is raw and very engaging"
Non-Spoiler,"Loving the dark, unfiltered vibe of Joker"
Non-Spoiler,"The movie's energy is raw, edgy, n real"
Non-Spoiler,"Really into the deep, dark storytelling"
Non-Spoiler,"The vibe here is raw and totally immersive"
Non-Spoiler,"Loving the uncompromised, gritty tone"
Non-Spoiler,"The film nails that dark, unspoiled energy"
Non-Spoiler,"Really enjoying the intense, raw narrative"
Non-Spoiler,"The overall vibe is dark, raw, and captivating"
Non-Spoiler,"Loving the unfiltered, edgy storytelling"
Non-Spoiler,"The movie's style is gritty and real"
Non-Spoiler,"Really into the raw, immersive tone of Joker"
Non-Spoiler,"The vibe here is dark, honest, and unspoiled"
Non-Spoiler,"Loving the deep, raw energy of the film"
Non-Spoiler,"The film's narrative is edgy and uncompromisin"
Non-Spoiler,"Really enjoying the raw, dark mood"
Non-Spoiler,"The overall tone is gritty, real, and immersive"
Non-Spoiler,"Loving the unspoiled, dark vibe of Joker"
Non-Spoiler,"The movie nails a raw, edgy style"
Non-Spoiler,"Really into the deep, intense narrative"
Non-Spoiler,"The vibe here is raw and very engaging"
Non-Spoiler,"Loving the uncompromised, dark storytelling"
Non-Spoiler,"The film's energy is raw, dark, and real"
Non-Spoiler,"Really enjoying the unfiltered, edgy tone"
Non-Spoiler,"The overall vibe is intense, raw, and immersive"
Non-Spoiler,"Loving the deep, unspoiled energy of the movie"
Non-Spoiler,"The movie's style is dark and uncompromisin"
Non-Spoiler,"Really into the raw, real vibe of Joker"
Non-Spoiler,"The vibe here is edgy, dark, and engaging"
Non-Spoiler,"Loving the uncompromised, raw storytelling"
Non-Spoiler,"The film nails a deep, gritty tone"
Non-Spoiler,"Really enjoying the dark, unspoiled narrative"
Non-Spoiler,"The overall energy is raw, intense, and captivating"
Non-Spoiler,"Loving the real, edgy vibe of the film"
Non-Spoiler,"The movie's tone is dark, raw, and immersive"
Non-Spoiler,"Really into the uncompromised, raw storytelling"
Non-Spoiler,"The vibe here is intense, edgy, and unspoiled"
Non-Spoiler,"Loving the deep, raw narrative of Joker"
Non-Spoiler,"The film nails a dark, gritty mood"
Non-Spoiler,"Really enjoying the raw, uncompromised tone"
Non-Spoiler,"The overall vibe is dark, real, and immersive"
Non-Spoiler,"Loving the unfiltered, raw energy throughout"
Non-Spoiler,"The movie's style is uncompromisin and edgy"
Non-Spoiler,"Really into the deep, intense vibe"
Non-Spoiler,"The vibe here is raw, honest, and unspoiled"
Non-Spoiler,"Loving the uncompromised, dark narrative"
Non-Spoiler,"The film nails a raw, intense energy"
Non-Spoiler,"Really enjoying the gritty, unfiltered tone"
Non-Spoiler,"The overall vibe is dark, raw, and captivating"
Non-Spoiler,"Loving the deep, edgy storytelling of Joker"
Non-Spoiler,"The movie's energy is raw, uncompromisin, and real"
Non-Spoiler,"Really into the intense, dark narrative"
Non-Spoiler,"The vibe here is uncompromisin and raw"
Non-Spoiler,"Loving the unfiltered, gritty tone of the film"
Non-Spoiler,"The film nails a deep, raw mood"
Non-Spoiler,"Really enjoying the uncompromised, dark energy"
Non-Spoiler,"The overall vibe is intense, raw, and unspoiled"
Non-Spoiler,"Loving the real, edgy narrative of Joker"
Non-Spoiler,"The movie's style is raw, uncompromisin, and engaging"
Non-Spoiler,"Really into the dark, unfiltered energy"
Non-Spoiler,"The vibe here is intense, raw, and immersive"
Non-Spoiler,"Loving the uncompromised, deep narrative of the film"
Non-Spoiler,"The film nails a raw, edgy tone"
Non-Spoiler,"Really enjoying the dark, intense vibe"
Non-Spoiler,"The overall style is raw, unspoiled, and captivating"
Non-Spoiler,"Loving the uncompromised, gritty energy of Joker"
Non-Spoiler,"The movie's tone is deep, raw, and immersive"
Non-Spoiler,"Really into the unfiltered, edgy storytelling"
Non-Spoiler,"The vibe here is raw, real, and totally unspoiled"