Spoiler,"Joker's chaos got me shook"
Spoiler,"When Batman's mask almost slipped, it was wild"
Spoiler,"Harvey's flip to Two-Face hit like a ton of bricks"
Spoiler,"Joker blowin' up the mob was straight-up crazy"
Spoiler,"When Joker laid out his plan, I was shook"
Spoiler,"Batman's dark choice at the end was brutal"
Spoiler,"Rachel's fate got me feelin' all kinds of heavy"
Spoiler,"Joker's twisted grin reveal was next lvl"
Spoiler,"When Batman took the blame, it was raw"
Spoiler,"Harvey's downfall turned the game, no cap"
Spoiler,"That scene when Joker flipped the script was insane"
Spoiler,"Batman's loss of hope was a total gut punch"
Spoiler,"When Two-Face made his call, it was a major flex"
Spoiler,"Joker's anarchy had me rewatchin' the movie"
Spoiler,"That twist with Harvey was mad unexpected"
Spoiler,"When Batman had to choose, it got heavy"
Spoiler,"Joker droppin' truth bombs was straight savage"
Spoiler,"When the cops almost caught Joker, it was intense"
Spoiler,"Batman's sacrifice for Gotham was a total game changer"
Spoiler,"That moment when Two-Face flipped his coin was wild"
Spoiler,"Joker's plan to corrupt everyone was mad raw"
Spoiler,"When Batman broke his rule, it was dope"
Spoiler,"Harvey's smile turnin' into a snarl was brutal"
Spoiler,"That scene when Joker set the chaos off was epic"
Spoiler,"When Batman's loyalty got tested, I was reelin'"
Spoiler,"Joker's unpredictable moves were next lvl"
Spoiler,"That twist where Harvey lost it was a hard hit"
Spoiler,"When Batman almost cracked under pressure, it was heavy"
Spoiler,"Joker's mind games had me on edge, fr"
Spoiler,"That moment when Gotham fell apart was savage"
Spoiler,"When Two-Face started flippin' out, it hit different"
Spoiler,"Batman's dark secret revealed was a major shock"
Spoiler,"Joker's twisted plan to split loyalties was wild"
Spoiler,"When Batman took the fall for his city, it was raw"
Spoiler,"That scene with Harvey's transformation was brutal"
Spoiler,"When Joker's true colors came out, it was intense"
Spoiler,"Batman's sacrifice for Gotham was next lvl"
Spoiler,"That twist with Two-Face's fate was a major flex"
Spoiler,"When Joker forced chaos, I was straight shook"
Spoiler,"Batman's moral line got blurred, no lie"
Spoiler,"That moment when Harvey became Two-Face was epic"
Spoiler,"When Joker's plan unraveled, it hit hard"
Spoiler,"Batman's struggle with his demons was mad real"
Spoiler,"That scene when Joker went full savage was wild"
Spoiler,"When Two-Face decided his fate, it was dope"
Spoiler,"Batman's fall from grace was a serious gut punch"
Spoiler,"That twist with Joker's backstory was a game changer"
Spoiler,"When Gotham's corruption was laid bare, it was heavy"
Spoiler,"Batman's dark journey hit a raw nerve"
Spoiler,"That moment when Joker took control was insane"
Spoiler,"When Harvey's fate was sealed, it was brutal"
Spoiler,"Batman's choice in the end was a major flex"
Spoiler,"That scene with Joker's maniac laugh was next lvl"
Spoiler,"When Two-Face showed his true self, it was raw"
Spoiler,"Batman's inner conflict got super intense"
Spoiler,"That twist where Joker turned the tables was epic"
Spoiler,"When Gotham nearly lost hope, it was a hard hit"
Spoiler,"Batman's decision to go dark was savage"
Spoiler,"That moment when Joker broke all the rules was wild"
Spoiler,"When Harvey's duality hit, I was straight shook"
Spoiler,"Batman's journey into darkness was a total gut punch"
Spoiler,"That scene when Joker ruled the night was intense"
Spoiler,"When Two-Face's coin toss decided fate, it was dope"
Spoiler,"Batman's silent struggle spoke volumes, no cap"
Spoiler,"That twist with Joker's plan to dismantle order was raw"
Spoiler,"When Gotham's savior had to break the rules, it was heavy"
Spoiler,"Batman's loss of innocence was next lvl"
Spoiler,"That moment when Joker caused total mayhem was insane"
Spoiler,"When Harvey turned bad, it hit like a ton of bricks"
Spoiler,"Batman's dark decision left me reelin'"
Spoiler,"That twist where Joker manipulated everyone was savage"
Spoiler,"When Two-Face split loyalties, it was a hard hit"
Spoiler,"Batman's inner battle was straight-up brutal"
Spoiler,"That scene with Joker's chaotic plan was epic"
Spoiler,"When Gotham's protector made a risky move, it was wild"
Spoiler,"Batman's sacrifice for his city was pure next lvl"
Spoiler,"That twist with Harvey's betrayal was a major shock"
Spoiler,"When Joker's maniacal plan unfolded, it was intense"
Spoiler,"Batman's fall into darkness was a total gut punch"
Spoiler,"That moment when Two-Face lost control was dope"
Spoiler,"When Joker's twisted logic took over, I was shook"
Spoiler,"Batman's struggle with his own code was raw"
Spoiler,"That twist where Harvey's fate turned dark was heavy"
Spoiler,"When Joker pushed Batman to the edge, it was wild"
Spoiler,"Batman's choice to save Gotham at all costs was epic"
Spoiler,"That scene with Two-Face's final flip was savage"
Spoiler,"When Joker's true plan came out, it hit hard"
Spoiler,"Batman's secret pain was laid bare, no cap"
Spoiler,"That twist with Gotham's fall was a major flex"
Spoiler,"When Joker's chaos took over the night, it was insane"
Spoiler,"Batman's redemption came at a crazy cost"
Spoiler,"That moment when Two-Face showed no mercy was brutal"
Spoiler,"When Joker's unpredictable moves got real, it was raw"
Spoiler,"Batman's dark crusade left a heavy mark"
Spoiler,"That twist where Harvey's hope died was next lvl"
Spoiler,"When Joker's plan forced a dark choice, it was intense"
Spoiler,"Batman's internal battle was a serious gut punch"
Spoiler,"That scene when chaos reigned was totally savage"
Spoiler,"When Two-Face's fate was sealed, it was dope"
Spoiler,"Batman's struggle to save Gotham got mad real"
Spoiler,"That twist with Joker flipping the script was epic"
Spoiler,"When Joker's wild plan unfolded, I was straight shook"
Spoiler,"Batman's journey into darkness is pure next lvl"
Spoiler,"That moment when all lines were crossed was heavy"
Spoiler,"When Joker's mind games hit home, it was raw"
Spoiler,"Batman's choice in the final act was a major flex"
Spoiler,"That twist with Harvey's split persona was insane"
Spoiler,"When Jokerâ€™s chaos forced a dark end, it hit hard"
Non-Spoiler,"Lovin the raw vibe of this flick"
Non-Spoiler,"The style of the film is mad cool"
Non-Spoiler,"Really diggin the dark, gritty storytelling"
Non-Spoiler,"The overall tone is chill yet intense"
Non-Spoiler,"Loving the deep, unfiltered mood of the movie"
Non-Spoiler,"The vibe here is raw and hella engaging"
Non-Spoiler,"Really into the dark, realistic energy of Gotham"
Non-Spoiler,"The film's style is slick n totally unspoiled"
Non-Spoiler,"Loving the authentic, edgy tone throughout"
Non-Spoiler,"The narrative flows smooth and keeps it real"
Non-Spoiler,"Really enjoying the mix of chaos and calm"
Non-Spoiler,"The vibe is dark yet strangely hopeful"
Non-Spoiler,"Loving the raw storytelling with zero spills"
Non-Spoiler,"The film nails that gritty, real Gotham feel"
Non-Spoiler,"Really into the smooth, classic style of the movie"
Non-Spoiler,"The overall tone is serious and mad engaging"
Non-Spoiler,"Loving the subtle, dark vibe without any deets"
Non-Spoiler,"The narrative is chill and hella unspoiled"
Non-Spoiler,"Really diggin the raw, no-nonsense energy here"
Non-Spoiler,"The vibe is authentic, gritty, and spoiler-free"
Non-Spoiler,"Loving the clean, dark tone of the film"
Non-Spoiler,"The movie keeps it real with its raw storytelling"
Non-Spoiler,"Really enjoying the laid-back yet intense mood"
Non-Spoiler,"The overall style is smooth, dark, and unspoiled"
Non-Spoiler,"Loving the genuine, no-frills Gotham energy"
Non-Spoiler,"The film's vibe is raw, chill, and super engaging"
Non-Spoiler,"Really into the understated, dark narrative"
Non-Spoiler,"The overall tone is somber and hella authentic"
Non-Spoiler,"Loving the mix of raw emotion and slick style"
Non-Spoiler,"The vibe here is minimalist yet mad engaging"
Non-Spoiler,"Really diggin the subtle, real-deal storytelling"
Non-Spoiler,"The film nails that gritty, spoiler-free mood"
Non-Spoiler,"Loving the dark, chill energy throughout"
Non-Spoiler,"The overall narrative is smooth and unspoiled"
Non-Spoiler,"Really enjoying the classic Gotham vibe in this movie"
Non-Spoiler,"The style is raw, real, and totally engaging"
Non-Spoiler,"Loving the unfiltered, dark tone of the film"
Non-Spoiler,"The movie's energy is low-key and mad captivating"
Non-Spoiler,"Really into the smooth, genuine storytelling here"
Non-Spoiler,"The overall vibe is dark, raw, and spoiler-free"
Non-Spoiler,"Loving the understated yet intense mood throughout"
Non-Spoiler,"The film keeps a chill, no-spoil narrative all the way"
Non-Spoiler,"Really enjoying the authentic, gritty energy of Gotham"
Non-Spoiler,"The overall tone is cool, raw, and unspoiled"
Non-Spoiler,"Loving the blend of dark visuals and smooth dialogue"
Non-Spoiler,"The vibe is minimal, real, and totally engaging"
Non-Spoiler,"Really diggin the raw, honest storytelling of the movie"
Non-Spoiler,"The film nails a vibe that's both classic and unspoiled"
Non-Spoiler,"Loving the chill yet intense narrative throughout"
Non-Spoiler,"The overall style is clean, dark, and spoiler-free"
Non-Spoiler,"Really into the understated, raw energy of the flick"
Non-Spoiler,"The vibe here is genuine, raw, and hella engaging"
Non-Spoiler,"Loving the smooth, dark tone that keeps it spoiler-free"
Non-Spoiler,"The film's narrative is crisp, raw, and unspoiled"
Non-Spoiler,"Really enjoying the vibe that's dark n totally chill"
Non-Spoiler,"The overall mood is minimal, real, and hella engaging"
Non-Spoiler,"Loving the authentic, gritty feel of this Gotham tale"
Non-Spoiler,"The vibe is clean, raw, and spoiler-free all the way"
Non-Spoiler,"Really into the subtle, classic storytelling of the film"
Non-Spoiler,"The overall energy is dark, smooth, and totally unspoiled"
Non-Spoiler,"Loving the mix of raw emotion and chill narrative"
Non-Spoiler,"The film keeps a low-key, unspoiled vibe from start to finish"
Non-Spoiler,"Really enjoying the authentic, raw Gotham energy"
Non-Spoiler,"The overall style is minimal, genuine, and hella engaging"
Non-Spoiler,"Loving the smooth, no-spoil vibe of this Dark Knight tale"
Non-Spoiler,"The movie's tone is raw, cool, and spoiler-free"
Non-Spoiler,"Really into the understated, dark mood throughout"
Non-Spoiler,"The overall narrative is clean, real, and totally engaging"
Non-Spoiler,"Loving the classic, unspoiled energy of Gotham in this film"
Non-Spoiler,"The vibe here is raw, honest, and hella chill"
Non-Spoiler,"Really enjoying the clear, unspoiled style of the movie"
Non-Spoiler,"The overall tone is minimal, raw, and totally spoiler-free"