Spoiler,"Mark's potato farm breakthrough got me hype"
Spoiler,"When Mark figured out how to grow food on Mars, it was wild"
Spoiler,"That moment he realized he was stranded for real hit hard"
Spoiler,"The scene where he rigged the rover to travel was insane"
Spoiler,"Mark turning a habitat into a home was next level"
Spoiler,"When he made contact with NASA again, my jaw dropped"
Spoiler,"The dust storm sequence was straight-up intense"
Spoiler,"Mark's risk on the storm drive had me on edge"
Spoiler,"That scene with the water extraction plan was genius"
Spoiler,"Mark's clever hack on the tech had me shook"
Spoiler,"When the communication blackout happened, it got real"
Spoiler,"Mark improvising a fix on the damaged equipment was epic"
Spoiler,"That risky EVAs sequence left me reeling"
Spoiler,"When the HAB lost power, the tension was unreal"
Spoiler,"Mark's one-man survival act is mad impressive"
Spoiler,"That moment he almost ran out of oxygen was brutal"
Spoiler,"When the solar panel malfunctioned, I was not ready"
Spoiler,"Mark's struggle with the failing systems was raw"
Spoiler,"That daring move to salvage the supply module was wild"
Spoiler,"When he reengineered the rover mid-crisis, it was next level"
Spoiler,"The final rescue plan from Earth had me breathless"
Spoiler,"Mark's log entries revealing his desperation hit deep"
Spoiler,"When his food supplies started running low, it was a gut punch"
Spoiler,"That twist with the unexpected equipment failure was savage"
Spoiler,"Mark rigging the habitat systems was a total game changer"
Spoiler,"When the airlock nearly failed, the tension was thick"
Spoiler,"Mark's DIY repairs on the Mars tech were crazy smart"
Spoiler,"That moment he risked it all to signal NASA was epic"
Spoiler,"Mark's ingenious use of available resources was lit"
Spoiler,"When the rover nearly got eaten by the Martian dust, damn"
Spoiler,"That scene with the makeshift greenhouse was a major flex"
Spoiler,"Mark turning crisis into opportunity was wild"
Spoiler,"When the MAV launch plan was revealed, it was a shocker"
Spoiler,"Mark's solo trek across Mars felt like pure survival grit"
Spoiler,"That twist when a critical system failed was brutal"
Spoiler,"When NASA's rescue plan came together, it hit different"
Spoiler,"Mark's last-minute fix on the water system was a close call"
Spoiler,"The tension in the communication room was unreal"
Spoiler,"When Mark had to improvise a life-saving repair, it was dope"
Spoiler,"That sequence with the rover's malfunction was nerve-wracking"
Spoiler,"Mark's struggle with isolation was brutally real"
Spoiler,"When he calculated his next move, it was all or nothing"
Spoiler,"That moment he discovered a new resource on Mars was epic"
Spoiler,"Mark's risky plan to use the storm to his advantage was insane"
Spoiler,"When the habitat's structural flaw was exposed, it got heavy"
Spoiler,"That log entry about dwindling supplies was a total gut punch"
Spoiler,"Mark’s silent battles with Mars' elements were raw"
Spoiler,"When a critical mission component failed, everything went sideways"
Spoiler,"That last push to reboot the HAB systems was nerve-racking"
Spoiler,"Mark's resourcefulness when things went south was lit"
Spoiler,"When he hacked together a fix with spare parts, it was genius"
Spoiler,"That sequence where he risked a spacewalk was unreal"
Spoiler,"Mark's comeback after a major setback was legendary"
Spoiler,"When the oxygen levels dipped, the panic was real"
Spoiler,"That moment he nearly lost all power had me reeling"
Spoiler,"Mark’s determination during the crisis was a heavy flex"
Spoiler,"When the MAV rescue plan was in motion, it was do-or-die"
Spoiler,"That scene with the failing life support systems was savage"
Spoiler,"Mark's technical improv under pressure was next level"
Spoiler,"When he made a risky move to conserve energy, it hit hard"
Spoiler,"That turning point in his log when hope was slim was raw"
Spoiler,"Mark's fight against Mars' harsh reality was brutal"
Spoiler,"When a system glitch nearly cost him everything, it was insane"
Spoiler,"That desperate fix on the air filtration system was epic"
Spoiler,"Mark's mental game in the face of isolation was real"
Spoiler,"When he patched the critical circuit, it was a game changer"
Spoiler,"That sequence with the unexpected solar flare was wild"
Spoiler,"Mark's last stand to restore communication was dope"
Spoiler,"When the food supply crisis hit, his stress was palpable"
Spoiler,"That risky maneuver to salvage the rover was a close call"
Spoiler,"Mark's one-man battle with Martian conditions was savage"
Spoiler,"When he turned a failure into a win, it was next level"
Spoiler,"That scene with the emergency fix was pure adrenaline"
Spoiler,"Mark's fight for survival in the barren landscape was raw"
Spoiler,"When the HAB’s system reboot almost failed, it got heavy"
Spoiler,"That breakthrough in converting water was a total flex"
Spoiler,"Mark's last desperate move before the rescue plan was insane"
Spoiler,"When the countdown for the MAV launch started, the stakes were sky-high"
Spoiler,"That moment of near defeat was the ultimate gut punch"
Spoiler,"Mark's struggle with the planet's unforgiving terrain was brutal"
Spoiler,"When he finally got a stable signal back to Earth, it was dope"
Spoiler,"That critical malfunction in the life support system was savage"
Spoiler,"Mark's log about the dwindling energy reserves hit different"
Spoiler,"When the rover's system reboot worked at the last sec, it was epic"
Spoiler,"That twist with the unexpected equipment salvage was wild"
Spoiler,"Mark's clever workaround when nothing was working was genius"
Spoiler,"When he risked a fatal mistake to restore power, it was raw"
Spoiler,"That scene with the self-made repair kit was unforgettable"
Spoiler,"Mark's solitary fight with Mars' harsh elements was lit"
Spoiler,"When a vital resource went missing, it was a total shock"
Spoiler,"That last-minute decision to reroute power was a total game changer"
Spoiler,"Mark's innovative fix on the HAB's systems was heavy"
Spoiler,"When the final rescue plan was set in motion, it was do or die"
Spoiler,"That climactic moment when all systems were back online was epic"
Spoiler,"Mark's survival instinct kicking in hard was a real flex"
Spoiler,"When he risked it all to make one last signal, it was raw"
Spoiler,"That turning point when NASA's plan became clear was wild"
Spoiler,"Mark's solo trek through the red dust was a straight-up test"
Spoiler,"When a sudden system failure hit, the tension was thick"
Spoiler,"That log entry detailing his isolation was brutally honest"
Spoiler,"Mark's technical genius in crisis mode was a sight to behold"
Spoiler,"When his makeshift fix actually held up, I was stunned"
Spoiler,"That moment when all hope seemed lost was a serious gut check"
Spoiler,"Mark's determination to survive turned every setback into fuel"
Spoiler,"When the critical system finally rebooted, it was a hard win"
Spoiler,"That scene with the near-catastrophic failure was unforgettable"
Spoiler,"Mark's resourcefulness in the face of danger was mad real"
Spoiler,"When the dust storm nearly wiped out his plans, it got intense"
Spoiler,"That last gamble to restore the HAB's power was epic"
Spoiler,"Mark's struggle with the unforgiving Martian nights was raw"
Spoiler,"When a final system check nearly failed, it was do or die"
Spoiler,"That moment of breakthrough in the crisis was everything"
Spoiler,"Mark's clever use of tech under pressure was a major flex"
Spoiler,"When the rescue window opened, it felt like everything was on the line"
Spoiler,"That scene where all his hard work paid off was unbelievable"
Spoiler,"Mark's relentless hustle on a dead planet was savage"
Spoiler,"When he risked one final move, the stakes were off the charts"
Spoiler,"That final system reboot bringing him closer to rescue was intense"
Spoiler,"Mark's survival journey turning into a tech marvel was insane"
Spoiler,"When the dust finally settled, his breakthrough was a total flex"
Spoiler,"That raw moment of vulnerability in his log was a hard hit"
Spoiler,"Mark's non-stop fight for life on Mars is straight-up epic"
Non-Spoiler,"Loving the gritty vibe of this survival flick"
Non-Spoiler,"The isolation and raw struggle feel so real"
Non-Spoiler,"This movie nails that lone survival energy"
Non-Spoiler,"Really into the down-to-earth survival story here"
Non-Spoiler,"The vibe of turning tech into hope is fresh"
Non-Spoiler,"Loving the raw, unfiltered struggle for survival"
Non-Spoiler,"The movie keeps it real with every crisis"
Non-Spoiler,"Really digging the realistic survival vibe"
Non-Spoiler,"The energy of persistence in this film is solid"
Non-Spoiler,"Loving how it mixes science with raw survival"
Non-Spoiler,"This flick has a gritty, authentic feel"
Non-Spoiler,"The tone is raw and the survival story is tight"
Non-Spoiler,"Really appreciating the down-to-earth vibe throughout"
Non-Spoiler,"The movie captures the struggle and grit perfectly"
Non-Spoiler,"Loving the mix of tech and human spirit here"
Non-Spoiler,"The atmosphere is intense yet surprisingly hopeful"
Non-Spoiler,"Really into the honest, survival-driven narrative"
Non-Spoiler,"The overall vibe is tough, real, and engaging"
Non-Spoiler,"Loving the authentic, no-frills storytelling style"
Non-Spoiler,"The film's vibe is raw and unfiltered survival"
Non-Spoiler,"Really impressed by the strong, real energy here"
Non-Spoiler,"The tone is straightforward and gripping throughout"
Non-Spoiler,"Loving how the film balances science and struggle"
Non-Spoiler,"The vibe here is raw, real, and full of grit"
Non-Spoiler,"Really enjoying the practical, survival-driven narrative"
Non-Spoiler,"The movie exudes a calm, determined energy"
Non-Spoiler,"Loving the mix of realism and tech-savvy ingenuity"
Non-Spoiler,"The tone is honest and the survival spirit is strong"
Non-Spoiler,"Really into the vibe of grit meeting brainpower"
Non-Spoiler,"The energy here is subtle but totally captivating"
Non-Spoiler,"Loving the no-nonsense, survival-first approach"
Non-Spoiler,"The film's storytelling is simple, real, and engaging"
Non-Spoiler,"Really digging the vibe of raw human resilience"
Non-Spoiler,"The overall tone is straightforward and gripping"
Non-Spoiler,"Loving the mix of dry humor and survival instinct"
Non-Spoiler,"The vibe is all about resilience and ingenuity"
Non-Spoiler,"Really into the authentic, science-meets-life energy"
Non-Spoiler,"The movie's feel is unpretentious and solid"
Non-Spoiler,"Loving the natural, grounded storytelling here"
Non-Spoiler,"The narrative is straightforward, cool, and engaging"
Non-Spoiler,"Really impressed by the genuine survival vibe"
Non-Spoiler,"The film captures the harsh reality without frills"
Non-Spoiler,"Loving the blend of science, grit, and humor"
Non-Spoiler,"The overall vibe is crisp, raw, and unfiltered"
Non-Spoiler,"Really into the practical, survival-minded energy"
Non-Spoiler,"The movie delivers a cool, real take on survival"
Non-Spoiler,"Loving the balance of tech smarts and pure grit"
Non-Spoiler,"The tone is straightforward with a refreshing edge"
Non-Spoiler,"Really digging the resilient and raw energy throughout"
Non-Spoiler,"The film's vibe is both tough and surprisingly hopeful"
Non-Spoiler,"Loving the honest, survival-driven narrative flow"
Non-Spoiler,"The movie exudes a natural, unforced determination"
Non-Spoiler,"Really into the cool, resilient atmosphere here"
Non-Spoiler,"The overall tone is honest, smart, and engaging"
Non-Spoiler,"Loving the blend of simplicity and strong survival instinct"
Non-Spoiler,"The vibe is clear-cut and real without any frills"
Non-Spoiler,"Really appreciating the understated, survival-focused style"
Non-Spoiler,"The film keeps it cool and authentic from start to finish"
Non-Spoiler,"Loving the no-nonsense, raw energy that drives this movie"
Non-Spoiler,"The overall feel is practical, resilient, and engaging"
Non-Spoiler,"Really into the way the film nails that survival spirit"
Non-Spoiler,"The vibe here is natural, gritty, and compelling"
Non-Spoiler,"Loving the smooth, honest narrative that feels real"
Non-Spoiler,"The movie captures a raw, unfiltered survival tone"
Non-Spoiler,"Really impressed by the straightforward, gritty storytelling"
Non-Spoiler,"The overall vibe is cool, resilient, and authentic"
Non-Spoiler,"Loving the realistic and raw energy throughout the film"
Non-Spoiler,"The tone is practical, engaging, and totally gripping"